seed,round,agent_name,agent_role,agent_action,decision_source,decision_reason,decision_trace,strategy_state,strategy_update_reason,strategy_update_trace,forecast_demand,forecast_error_abs,forecast_error_sq,demand_true,demand_obs,trend_component,season_component,shock_component,noise_component,market_avg_price,market_total_sales,inventory_start,reputation_start,rep_delivery_start,rep_pricing_start,rep_cooperation_start,price,quantity,available_supply,attractiveness,demand_share,allocated_demand,shortage_pre_transfer,surplus_pre_transfer,transfer_in,transfer_out,transfer_cost,transfer_revenue,transfer_attempts,transfer_accepts,coop_probability,coop_accept_rate,segment_demand,segment_allocations,reallocated_in,reallocated_out,realized_sales,shortage_post_transfer,backlog_start,new_contract_demand,delivered_backlog,backlog_end,late_units,sla_queue_penalty,inventory_end,obsolescence_units,revenue,prod_cost,holding_cost,obsolescence_cost,sla_penalty,price_pressure_cost,menu_cost,profit,cum_profit,service_rate,help_ratio,dump_flag,default_flag,rep_delivery_end,rep_pricing_end,rep_cooperation_end,reputation_end
7,0,Hyperscaler,hyperscaler,forecast=184;price=4.60;quantity=70,llm-context,"forecast 184.0 + 0.0; price 4.60 + 0.00; quantity target 90.0; risk gate inventory target capped quantity; final forecast=184, price=4.60, quantity=70","{""source"":""llm-context"",""summary"":""forecast 184.0 + 0.0; price 4.60 + 0.00; quantity target 90.0; risk gate inventory target capped quantity; final forecast=184, price=4.60, quantity=70"",""forecast_base"":184.0,""forecast_adjustment"":0.0,""price_base"":4.6,""price_adjustment"":0.0,""quantity_target"":90.0,""risk_gate_adjustment"":""inventory target capped quantity"",""final_forecast"":184,""final_price"":4.6,""final_quantity"":70,""fallback_used"":false,""llm_status"":""ok"",""llm_error"":"""",""llm_prompt_excerpt"":""{\""agent_name\"":\""Hyperscaler\"",\""agent_role\"":\""hyperscaler\"",\""agent_persona\"":\""Scale-dominant operator that values throughput, market share, and capacity continuity.\"",\""stage_styles\"":{\""forecaster\"":\""momentum_chaser\"",\""pricer\"":\""share_grabber\"",\""allocator\"":\""capacity_expander\"",\""risk_gate\"":\""growth_tolerant\""},\""round_index\"":0,\""observed_demand\"":184,\""observed_demand_history\"":[],\""price_history\"":[],\""reputation_history\"":[],\""peer_reputations\"":[[\""Hyperscaler\"",0.65],[\""PremiumCloud\"",0.85],[\""SpotBroker\"",0.55]],\""own_invent""}",,,,184,3.0,9.0,181,184,180.0,2.9552020666133956,0.0,-1.791162019133203,5.133333333333333,180.0,30.0,0.65,0.65,0.65,0.65,4.6,70,100.0,-2.3899999999999997,0.5524861878453039,100.0,0.0,0.0,0.0,0.0,0.0,0.0,0,0,0.0,0.0,"{""training_burst"":81.45,""enterprise_sla"":63.349999999999994,""spot_workload"":36.2}","{""training_burst"":40.39272652602938,""enterprise_sla"":17.714718155522313,""spot_workload"":13.895919247314115}",27.99663607113419,0.0,100.0,0.0,0.0,18.02010723161038,0.0,0.0,0.0,0.0,0.0,0.0,459.99999999999994,246.75,0.0,0.0,0.0,0.0,0.0,213.24999999999994,213.24999999999994,1.0,0.0,0,0,0.7375,0.7375,0.65,0.7200000000000001
7,0,PremiumCloud,premium,forecast=160;price=6.00;quantity=10,llm-context,"forecast 184.0 + -24.0; price 6.80 + -0.80; quantity target 40.0; risk gate inventory target capped quantity; final forecast=160, price=6.00, quantity=10","{""source"":""llm-context"",""summary"":""forecast 184.0 + -24.0; price 6.80 + -0.80; quantity target 40.0; risk gate inventory target capped quantity; final forecast=160, price=6.00, quantity=10"",""forecast_base"":184.0,""forecast_adjustment"":-24.0,""price_base"":6.8,""price_adjustment"":-0.7999999999999998,""quantity_target"":40.0,""risk_gate_adjustment"":""inventory target capped quantity"",""final_forecast"":160,""final_price"":6.0,""final_quantity"":10,""fallback_used"":false,""llm_status"":""ok"",""llm_error"":"""",""llm_prompt_excerpt"":""{\""agent_name\"":\""PremiumCloud\"",\""agent_role\"":\""premium\"",\""agent_persona\"":\""SLA-first premium operator that protects brand, uptime, and disciplined monetization.\"",\""stage_styles\"":{\""forecaster\"":\""signal_smoother\"",\""pricer\"":\""premium_keeper\"",\""allocator\"":\""buffered_allocator\"",\""risk_gate\"":\""sla_guard\""},\""round_index\"":0,\""observed_demand\"":184,\""observed_demand_history\"":[],\""price_history\"":[],\""reputation_history\"":[],\""peer_reputations\"":[[\""Hyperscaler\"",0.65],[\""PremiumCloud\"",0.85],[\""SpotBroker\"",0.55]],\""own_inventory\"":35.""}",,,,160,21.0,441.0,181,184,180.0,2.9552020666133956,0.0,-1.791162019133203,5.133333333333333,180.0,35.0,0.85,0.85,0.85,0.85,6.0,10,45.0,-2.879999999999999,0.2541436464088398,46.0,1.0,0.0,0.0,0.0,0.0,0.0,0,0,0.0,0.0,"{""training_burst"":81.45,""enterprise_sla"":63.349999999999994,""spot_workload"":36.2}","{""training_burst"":16.922595356416203,""enterprise_sla"":34.618763344068775,""spot_workload"":3.593387021336555}",0.0,9.134745721821531,45.0,1.0,0.0,27.83600139476003,0.0,0.6051304651034789,0.0,0.0,0.0,0.0,270.0,34.5,0.0,0.0,1.5,0.0,0.011999999999999993,233.988,233.988,0.9782608695652174,0.0,0,0,0.8820652173913043,0.8875,0.85,0.8772826086956521
7,0,SpotBroker,spot,forecast=180;price=4.80;quantity=20,llm-context,"forecast 184.0 + -4.0; price 5.00 + -0.20; quantity target 20.0; risk gate none; final forecast=180, price=4.80, quantity=20","{""source"":""llm-context"",""summary"":""forecast 184.0 + -4.0; price 5.00 + -0.20; quantity target 20.0; risk gate none; final forecast=180, price=4.80, quantity=20"",""forecast_base"":184.0,""forecast_adjustment"":-4.0,""price_base"":5.0,""price_adjustment"":-0.20000000000000018,""quantity_target"":20.0,""risk_gate_adjustment"":""none"",""final_forecast"":180,""final_price"":4.8,""final_quantity"":20,""fallback_used"":false,""llm_status"":""ok"",""llm_error"":"""",""llm_prompt_excerpt"":""{\""agent_name\"":\""SpotBroker\"",\""agent_role\"":\""spot\"",\""agent_persona\"":\""Fast-moving spot broker that hunts volatility and preserves light, flexible inventory.\"",\""stage_styles\"":{\""forecaster\"":\""volatility_reader\"",\""pricer\"":\""spread_hunter\"",\""allocator\"":\""inventory_light\"",\""risk_gate\"":\""inventory_guard\""},\""round_index\"":0,\""observed_demand\"":184,\""observed_demand_history\"":[],\""price_history\"":[],\""reputation_history\"":[],\""peer_reputations\"":[[\""Hyperscaler\"",0.65],[\""PremiumCloud\"",0.85],[\""SpotBroker\"",0.55]],\""own_inventory\"":15.""}",,,,180,1.0,1.0,181,184,180.0,2.9552020666133956,0.0,-1.791162019133203,5.133333333333333,180.0,15.0,0.55,0.55,0.55,0.55,4.8,20,35.0,-2.5999999999999996,0.19337016574585636,35.0,0.0,0.0,0.0,0.0,0.0,0.0,0,0,0.0,0.0,"{""training_burst"":81.45,""enterprise_sla"":63.349999999999994,""spot_workload"":36.2}","{""training_burst"":24.134678117554415,""enterprise_sla"":11.016518500408907,""spot_workload"":18.710693731349334}",0.0,18.86189034931266,35.0,0.0,0.0,11.611391373629589,0.0,0.0,0.0,0.0,0.0,0.0,168.0,73.6,0.0,0.0,0.0,0.0,0.0030000000000000157,94.397,94.397,1.0,0.0,0,0,0.6625000000000001,0.6625000000000001,0.55,0.64
7,1,Hyperscaler,hyperscaler,forecast=210;price=4.60;quantity=120,llm-context,"forecast 184.0 + 26.0; price 4.60 + 0.00; quantity target 120.0; risk gate none; final forecast=210, price=4.60, quantity=120","{""source"":""llm-context"",""summary"":""forecast 184.0 + 26.0; price 4.60 + 0.00; quantity target 120.0; risk gate none; final forecast=210, price=4.60, quantity=120"",""forecast_base"":184.0,""forecast_adjustment"":26.0,""price_base"":4.6,""price_adjustment"":0.0,""quantity_target"":120.0,""risk_gate_adjustment"":""none"",""final_forecast"":210,""final_price"":4.6,""final_quantity"":120,""fallback_used"":false,""llm_status"":""ok"",""llm_error"":"""",""llm_prompt_excerpt"":""{\""agent_name\"":\""Hyperscaler\"",\""agent_role\"":\""hyperscaler\"",\""agent_persona\"":\""Scale-dominant operator that values throughput, market share, and capacity continuity.\"",\""stage_styles\"":{\""forecaster\"":\""momentum_chaser\"",\""pricer\"":\""share_grabber\"",\""allocator\"":\""capacity_expander\"",\""risk_gate\"":\""growth_tolerant\""},\""round_index\"":1,\""observed_demand\"":195,\""observed_demand_history\"":[184],\""price_history\"":[[4.6,6.0,4.8]],\""reputation_history\"":[[0.7200000000000001,0.8772826086956521,0.64]],\""peer_reputations\"":[[\""Hyperscaler\"",""}",,,,210,13.0,169.0,197,195,180.6,18.94984674310608,0.0,-2.3886960620916744,5.333333333333333,196.39486953489651,0.0,0.7200000000000001,0.7375,0.7375,0.65,4.6,120,120.0,-2.3059999999999996,0.5939086294416243,116.99999999999999,0.0,3.000000000000014,0.0,0.0,0.0,0.0,0,0,0.0,0.0,"{""training_burst"":88.65,""enterprise_sla"":68.94999999999999,""spot_workload"":39.400000000000006}","{""training_burst"":49.37300934039771,""enterprise_sla"":21.659019172023324,""spot_workload"":19.11875922403817}",26.8492122635408,0.0,116.99999999999999,0.0,0.0,22.137503274259174,0.0,0.0,0.0,0.0,2.5500000000000123,0.4500000000000021,538.1999999999999,468.0,0.2550000000000012,0.11250000000000053,0.0,0.0,0.0,69.83249999999994,283.08249999999987,1.0,0.0,1,0,0.8031250000000001,0.5531250000000001,0.65,0.6975000000000001
7,1,PremiumCloud,premium,forecast=190;price=6.20;quantity=50,llm-context,"forecast 184.0 + 6.0; price 6.80 + -0.60; quantity target 50.0; risk gate sla_guard reduced quantity under SLA/reputation pressure; inventory target capped quantity; final forecast=190, price=6.20, quantity=50","{""source"":""llm-context"",""summary"":""forecast 184.0 + 6.0; price 6.80 + -0.60; quantity target 50.0; risk gate sla_guard reduced quantity under SLA/reputation pressure; inventory target capped quantity; final forecast=190, price=6.20, quantity=50"",""forecast_base"":184.0,""forecast_adjustment"":6.0,""price_base"":6.8,""price_adjustment"":-0.5999999999999996,""quantity_target"":50.0,""risk_gate_adjustment"":""sla_guard reduced quantity under SLA/reputation pressure; inventory target capped quantity"",""final_forecast"":190,""final_price"":6.2,""final_quantity"":50,""fallback_used"":false,""llm_status"":""ok"",""llm_error"":"""",""llm_prompt_excerpt"":""{\""agent_name\"":\""PremiumCloud\"",\""agent_role\"":\""premium\"",\""agent_persona\"":\""SLA-first premium operator that protects brand, uptime, and disciplined monetization.\"",\""stage_styles\"":{\""forecaster\"":\""signal_smoother\"",\""pricer\"":\""premium_keeper\"",\""allocator\"":\""buffered_allocator\"",\""risk_gate\"":\""sla_guard\""},\""round_index\"":1,\""observed_demand\"":195,\""observed_demand_history\"":[184],\""price_history\"":[[4.6,6.0,4.8]],\""reputation_history\"":[[0.7200000000000001,0.8772826086956521,0.64]],\""peer_reputations\"":[[\""Hyperscaler\"",0.720000""}",,,,190,7.0,49.0,197,195,180.6,18.94984674310608,0.0,-2.3886960620916744,5.333333333333333,196.39486953489651,0.0,0.8772826086956521,0.8820652173913043,0.8875,0.85,6.2,50,50.0,-2.987260869565217,0.25380710659898476,50.0,0.0,0.0,0.0,0.0,0.0,0.0,0,0,0.0,0.0,"{""training_burst"":88.65,""enterprise_sla"":68.94999999999999,""spot_workload"":39.400000000000006}","{""training_burst"":16.874908563683068,""enterprise_sla"":34.900581095475644,""spot_workload"":3.821457781058682}",0.0,5.5969474402173915,49.39486953489652,0.6051304651034783,0.6051304651034789,28.053999567027976,0.6051304651034789,0.3395265961201684,0.0,0.0,0.0,0.0,310.0,182.5,0.0,0.0,0.9076956976552175,0.0,0.0040000000000000036,126.58830430234478,360.5763043023448,0.9878973906979305,0.0,0,0,0.9085232607179607,0.9156249999999999,0.85,0.8989491303589804
7,1,SpotBroker,spot,forecast=200;price=5.20;quantity=30,llm-context,"forecast 184.0 + 16.0; price 5.00 + 0.20; quantity target 30.0; risk gate none; final forecast=200, price=5.20, quantity=30","{""source"":""llm-context"",""summary"":""forecast 184.0 + 16.0; price 5.00 + 0.20; quantity target 30.0; risk gate none; final forecast=200, price=5.20, quantity=30"",""forecast_base"":184.0,""forecast_adjustment"":16.0,""price_base"":5.0,""price_adjustment"":0.20000000000000018,""quantity_target"":30.0,""risk_gate_adjustment"":""none"",""final_forecast"":200,""final_price"":5.2,""final_quantity"":30,""fallback_used"":false,""llm_status"":""ok"",""llm_error"":"""",""llm_prompt_excerpt"":""{\""agent_name\"":\""SpotBroker\"",\""agent_role\"":\""spot\"",\""agent_persona\"":\""Fast-moving spot broker that hunts volatility and preserves light, flexible inventory.\"",\""stage_styles\"":{\""forecaster\"":\""volatility_reader\"",\""pricer\"":\""spread_hunter\"",\""allocator\"":\""inventory_light\"",\""risk_gate\"":\""inventory_guard\""},\""round_index\"":1,\""observed_demand\"":195,\""observed_demand_history\"":[184],\""price_history\"":[[4.6,6.0,4.8]],\""reputation_history\"":[[0.7200000000000001,0.8772826086956521,0.64]],\""peer_reputations\"":[[\""Hyperscaler\"",0.720000""}",,,,200,3.0,9.0,197,195,180.6,18.94984674310608,0.0,-2.3886960620916744,5.333333333333333,196.39486953489651,0.0,0.64,0.6625000000000001,0.6625000000000001,0.55,5.2,30,30.0,-2.772,0.15228426395939088,30.0,0.0,0.0,0.0,0.0,0.0,0.0,0,0,0.0,0.0,"{""training_burst"":88.65,""enterprise_sla"":68.94999999999999,""spot_workload"":39.400000000000006}","{""training_burst"":22.402082095919233,""enterprise_sla"":12.39039973250102,""spot_workload"":16.459782994903154}",0.0,21.252264823323408,30.0,0.0,0.0,12.355997158712846,0.0,0.0,0.0,0.0,0.0,0.0,156.0,111.6,0.0,0.0,0.0,0.0,0.01200000000000001,44.388000000000005,138.78500000000003,1.0,0.0,0,0,0.7468750000000001,0.7468750000000001,0.55,0.7075
7,2,Hyperscaler,hyperscaler,forecast=210;price=4.60;quantity=120,llm-context,"forecast 198.0 + 12.0; price 4.60 + 0.00; quantity target 120.0; risk gate none; final forecast=210, price=4.60, quantity=120","{""source"":""llm-context"",""summary"":""forecast 198.0 + 12.0; price 4.60 + 0.00; quantity target 120.0; risk gate none; final forecast=210, price=4.60, quantity=120"",""forecast_base"":198.0,""forecast_adjustment"":12.0,""price_base"":4.6,""price_adjustment"":0.0,""quantity_target"":120.0,""risk_gate_adjustment"":""none"",""final_forecast"":210,""final_price"":4.6,""final_quantity"":120,""fallback_used"":false,""llm_status"":""ok"",""llm_error"":"""",""llm_prompt_excerpt"":""{\""agent_name\"":\""Hyperscaler\"",\""agent_role\"":\""hyperscaler\"",\""agent_persona\"":\""Scale-dominant operator that values throughput, market share, and capacity continuity.\"",\""stage_styles\"":{\""forecaster\"":\""momentum_chaser\"",\""pricer\"":\""share_grabber\"",\""allocator\"":\""capacity_expander\"",\""risk_gate\"":\""growth_tolerant\""},\""round_index\"":2,\""observed_demand\"":197,\""observed_demand_history\"":[184,195],\""price_history\"":[[4.6,6.0,4.8],[4.6,6.2,5.2]],\""reputation_history\"":[[0.7200000000000001,0.8772826086956521,0.64],[0.697500000000000""}",,,,210,12.0,144.0,198,197,181.2,24.134117409591216,0.0,-7.585040560200625,5.466666666666666,197.66047340387985,2.5500000000000114,0.6975000000000001,0.8031250000000001,0.5531250000000001,0.65,4.6,120,122.55000000000001,-2.3329999999999997,0.595959595959596,118.00000000000001,0.0,4.549999999999997,0.0,0.0,0.0,0.0,0,0,0.0,0.0,"{""training_burst"":89.10000000000001,""enterprise_sla"":69.3,""spot_workload"":39.6}","{""training_burst"":51.7104594903474,""enterprise_sla"":21.96752817698041,""spot_workload"":21.115935727346617}",23.206076605325592,0.0,118.00000000000001,0.0,0.0,22.702488868137376,0.0,0.0,0.0,0.0,3.8674999999999975,0.6824999999999996,542.8000000000001,468.0,0.38674999999999976,0.1706249999999999,0.0,0.0,0.0,74.24262500000006,357.32512499999996,1.0,0.0,1,0,0.8523437500000001,0.41484375000000007,0.65,0.680625
7,2,PremiumCloud,premium,forecast=195;price=6.40;quantity=50,llm-context,"forecast 193.0 + 2.0; price 7.00 + -0.60; quantity target 50.0; risk gate sla_guard reduced quantity under SLA/reputation pressure; inventory target capped quantity; final forecast=195, price=6.40, quantity=50","{""source"":""llm-context"",""summary"":""forecast 193.0 + 2.0; price 7.00 + -0.60; quantity target 50.0; risk gate sla_guard reduced quantity under SLA/reputation pressure; inventory target capped quantity; final forecast=195, price=6.40, quantity=50"",""forecast_base"":193.0,""forecast_adjustment"":2.0,""price_base"":7.0,""price_adjustment"":-0.5999999999999996,""quantity_target"":50.0,""risk_gate_adjustment"":""sla_guard reduced quantity under SLA/reputation pressure; inventory target capped quantity"",""final_forecast"":195,""final_price"":6.4,""final_quantity"":50,""fallback_used"":false,""llm_status"":""ok"",""llm_error"":"""",""llm_prompt_excerpt"":""{\""agent_name\"":\""PremiumCloud\"",\""agent_role\"":\""premium\"",\""agent_persona\"":\""SLA-first premium operator that protects brand, uptime, and disciplined monetization.\"",\""stage_styles\"":{\""forecaster\"":\""signal_smoother\"",\""pricer\"":\""premium_keeper\"",\""allocator\"":\""buffered_allocator\"",\""risk_gate\"":\""sla_guard\""},\""round_index\"":2,\""observed_demand\"":197,\""observed_demand_history\"":[184,195],\""price_history\"":[[4.6,6.0,4.8],[4.6,6.2,5.2]],\""reputation_history\"":[[0.7200000000000001,0.8772826086956521,0.64],[0.6975000000000001,0.8989""}",,,,195,3.0,9.0,198,197,181.2,24.134117409591216,0.0,-7.585040560200625,5.466666666666666,197.66047340387985,0.0,0.8989491303589804,0.9085232607179607,0.9156249999999999,0.85,6.4,50,50.0,-3.101261043569223,0.25252525252525254,50.0,0.0,0.0,0.0,0.0,0.0,0.0,0,0,0.0,0.0,"{""training_burst"":89.10000000000001,""enterprise_sla"":69.3,""spot_workload"":39.6}","{""training_burst"":15.544529371449727,""enterprise_sla"":33.70360135775785,""spot_workload"":3.400729103833911}",0.0,2.6488598330414845,49.660473403879834,0.3395265961201659,0.3395265961201684,27.002190410655054,0.3395265961201684,0.1833592359583659,0.0,0.0,0.0,0.0,320.0,182.5,0.0,0.0,0.5092898941802488,0.0,0.0040000000000000036,136.98671010581975,497.5630144081646,0.9932094680775967,0.0,0,0,0.9296948125578697,0.9367187499999999,0.85,0.9158630312789349
7,2,SpotBroker,spot,forecast=200;price=5.40;quantity=30,llm-context,"forecast 200.0 + 0.0; price 5.20 + 0.20; quantity target 30.0; risk gate none; final forecast=200, price=5.40, quantity=30","{""source"":""llm-context"",""summary"":""forecast 200.0 + 0.0; price 5.20 + 0.20; quantity target 30.0; risk gate none; final forecast=200, price=5.40, quantity=30"",""forecast_base"":200.0,""forecast_adjustment"":0.0,""price_base"":5.2,""price_adjustment"":0.20000000000000018,""quantity_target"":30.0,""risk_gate_adjustment"":""none"",""final_forecast"":200,""final_price"":5.4,""final_quantity"":30,""fallback_used"":false,""llm_status"":""ok"",""llm_error"":"""",""llm_prompt_excerpt"":""{\""agent_name\"":\""SpotBroker\"",\""agent_role\"":\""spot\"",\""agent_persona\"":\""Fast-moving spot broker that hunts volatility and preserves light, flexible inventory.\"",\""stage_styles\"":{\""forecaster\"":\""volatility_reader\"",\""pricer\"":\""spread_hunter\"",\""allocator\"":\""inventory_light\"",\""risk_gate\"":\""inventory_guard\""},\""round_index\"":2,\""observed_demand\"":197,\""observed_demand_history\"":[184,195],\""price_history\"":[[4.6,6.0,4.8],[4.6,6.2,5.2]],\""reputation_history\"":[[0.7200000000000001,0.8772826086956521,0.64],[0.6975000000000001,0.8989""}",,,,200,2.0,4.0,198,197,181.2,24.134117409591216,0.0,-7.585040560200625,5.466666666666666,197.66047340387985,0.0,0.7075,0.7468750000000001,0.7468750000000001,0.55,5.4,30,30.0,-2.831,0.15151515151515152,30.0,0.0,0.0,0.0,0.0,0.0,0.0,0,0,0.0,0.0,"{""training_burst"":89.10000000000001,""enterprise_sla"":69.3,""spot_workload"":39.6}","{""training_burst"":21.84501113820288,""enterprise_sla"":13.628870465261752,""spot_workload"":15.08333516881947}",0.0,20.557216772284107,30.0,0.0,0.0,13.160320721207574,0.0,0.0,0.0,0.0,0.0,0.0,162.0,111.6,0.0,0.0,0.0,0.0,0.006000000000000005,50.394000000000005,189.17900000000003,1.0,0.0,0,0,0.81015625,0.81015625,0.55,0.758125
7,3,Hyperscaler,hyperscaler,forecast=215;price=4.60;quantity=120,llm-context,"forecast 198.0 + 17.0; price 4.60 + 0.00; quantity target 120.0; risk gate none; final forecast=215, price=4.60, quantity=120","{""source"":""llm-context"",""summary"":""forecast 198.0 + 17.0; price 4.60 + 0.00; quantity target 120.0; risk gate none; final forecast=215, price=4.60, quantity=120"",""forecast_base"":198.0,""forecast_adjustment"":17.0,""price_base"":4.6,""price_adjustment"":0.0,""quantity_target"":120.0,""risk_gate_adjustment"":""none"",""final_forecast"":215,""final_price"":4.6,""final_quantity"":120,""fallback_used"":false,""llm_status"":""ok"",""llm_error"":"""",""llm_prompt_excerpt"":""{\""agent_name\"":\""Hyperscaler\"",\""agent_role\"":\""hyperscaler\"",\""agent_persona\"":\""Scale-dominant operator that values throughput, market share, and capacity continuity.\"",\""stage_styles\"":{\""forecaster\"":\""momentum_chaser\"",\""pricer\"":\""share_grabber\"",\""allocator\"":\""capacity_expander\"",\""risk_gate\"":\""growth_tolerant\""},\""round_index\"":3,\""observed_demand\"":204,\""observed_demand_history\"":[184,195,197],\""price_history\"":[[4.6,6.0,4.8],[4.6,6.2,5.2],[4.6,6.4,5.4]],\""reputation_history\"":[[0.7200000000000001,0.8772826086956521,0.64],""}",,,,215,13.0,169.0,202,204,181.8,15.816042990667249,0.0,4.370153414813965,5.599999999999999,193.68414076404162,3.8674999999999926,0.680625,0.8523437500000001,0.41484375000000007,0.65,4.6,120,123.86749999999999,-2.3532499999999996,0.6132054455445545,123.8675,1.4210854715202004e-14,0.0,0.0,0.0,0.0,0.0,0,0,0.0,0.0,"{""training_burst"":90.9,""enterprise_sla"":70.69999999999999,""spot_workload"":40.400000000000006}","{""training_burst"":55.127647699120764,""enterprise_sla"":22.772636152619096,""spot_workload"":23.54782049224807}",22.419395656012057,0.0,123.86749999999999,1.4210854715202004e-14,0.0,23.7696329089888,0.0,2.7270010285452132e-15,0.0,0.0,0.0,0.0,569.7905,468.0,0.0,0.0,1.7053025658242404e-14,0.0,0.0,101.79049999999994,459.1156249999999,0.9999999999999999,0.0,1,0,0.8892578125,0.3111328125,0.65,0.66796875
7,3,PremiumCloud,premium,forecast=200;price=6.60;quantity=40,llm-context,"forecast 195.0 + 5.0; price 7.00 + -0.40; quantity target 60.0; risk gate sla_guard reduced quantity under SLA/reputation pressure; inventory target capped quantity; final forecast=200, price=6.60, quantity=40","{""source"":""llm-context"",""summary"":""forecast 195.0 + 5.0; price 7.00 + -0.40; quantity target 60.0; risk gate sla_guard reduced quantity under SLA/reputation pressure; inventory target capped quantity; final forecast=200, price=6.60, quantity=40"",""forecast_base"":195.0,""forecast_adjustment"":5.0,""price_base"":7.0,""price_adjustment"":-0.40000000000000036,""quantity_target"":60.0,""risk_gate_adjustment"":""sla_guard reduced quantity under SLA/reputation pressure; inventory target capped quantity"",""final_forecast"":200,""final_price"":6.6,""final_quantity"":40,""fallback_used"":false,""llm_status"":""ok"",""llm_error"":"""",""llm_prompt_excerpt"":""{\""agent_name\"":\""PremiumCloud\"",\""agent_role\"":\""premium\"",\""agent_persona\"":\""SLA-first premium operator that protects brand, uptime, and disciplined monetization.\"",\""stage_styles\"":{\""forecaster\"":\""signal_smoother\"",\""pricer\"":\""premium_keeper\"",\""allocator\"":\""buffered_allocator\"",\""risk_gate\"":\""sla_guard\""},\""round_index\"":3,\""observed_demand\"":204,\""observed_demand_history\"":[184,195,197],\""price_history\"":[[4.6,6.0,4.8],[4.6,6.2,5.2],[4.6,6.4,5.4]],\""reputation_history\"":[[0.7200000000000001,0.8772826086956521,0.64],[0.69750""}",,,,200,2.0,4.0,202,204,181.8,15.816042990667249,0.0,4.370153414813965,5.599999999999999,193.68414076404162,0.0,0.9158630312789349,0.9296948125578697,0.9367187499999999,0.85,6.6,40,40.0,-3.2209643624652773,0.2382797029702971,48.132500000000014,8.132500000000014,0.0,0.0,0.0,0.0,0.0,0,0,0.0,0.0,"{""training_burst"":90.9,""enterprise_sla"":70.69999999999999,""spot_workload"":40.400000000000006}","{""training_burst"":14.511111413651975,""enterprise_sla"":33.17315487062501,""spot_workload"":3.0464989362614174}",0.0,2.598265220538387,39.81664076404164,8.315859235958378,0.1833592359583659,26.483302241147026,0.1833592359583659,4.5755240957922325,0.0,0.0,0.0,0.0,264.0,144.0,0.0,0.0,12.473788853937567,0.0,0.003999999999999986,107.52221114606243,605.085225554227,0.8272298501852516,0.0,0,1,0.7790785719647152,0.9525390625,0.85,0.8453010047323576
7,3,SpotBroker,spot,forecast=210;price=5.60;quantity=30,llm-context,"forecast 200.0 + 10.0; price 5.40 + 0.20; quantity target 30.0; risk gate none; final forecast=210, price=5.60, quantity=30","{""source"":""llm-context"",""summary"":""forecast 200.0 + 10.0; price 5.40 + 0.20; quantity target 30.0; risk gate none; final forecast=210, price=5.60, quantity=30"",""forecast_base"":200.0,""forecast_adjustment"":10.0,""price_base"":5.4,""price_adjustment"":0.1999999999999993,""quantity_target"":30.0,""risk_gate_adjustment"":""none"",""final_forecast"":210,""final_price"":5.6,""final_quantity"":30,""fallback_used"":false,""llm_status"":""ok"",""llm_error"":"""",""llm_prompt_excerpt"":""{\""agent_name\"":\""SpotBroker\"",\""agent_role\"":\""spot\"",\""agent_persona\"":\""Fast-moving spot broker that hunts volatility and preserves light, flexible inventory.\"",\""stage_styles\"":{\""forecaster\"":\""volatility_reader\"",\""pricer\"":\""spread_hunter\"",\""allocator\"":\""inventory_light\"",\""risk_gate\"":\""inventory_guard\""},\""round_index\"":3,\""observed_demand\"":204,\""observed_demand_history\"":[184,195,197],\""price_history\"":[[4.6,6.0,4.8],[4.6,6.2,5.2],[4.6,6.4,5.4]],\""reputation_history\"":[[0.7200000000000001,0.8772826086956521,0.64],[0.69750""}",,,,210,8.0,64.0,202,204,181.8,15.816042990667249,0.0,4.370153414813965,5.599999999999999,193.68414076404162,0.0,0.758125,0.81015625,0.81015625,0.55,5.6,30,30.0,-2.9102499999999996,0.1485148514851485,30.0,0.0,0.0,0.0,0.0,0.0,0.0,0,0,0.0,0.0,"{""training_burst"":90.9,""enterprise_sla"":70.69999999999999,""spot_workload"":40.400000000000006}","{""training_burst"":21.261240887227274,""enterprise_sla"":14.754208976755878,""spot_workload"":13.805680571490518}",0.0,19.82113043547367,30.0,0.0,0.0,13.882064849864163,0.0,0.0,0.0,0.0,0.0,0.0,168.0,111.6,0.0,0.0,0.0,0.0,0.0059999999999999784,56.394000000000005,245.57300000000004,1.0,0.0,0,0,0.8576171875,0.8576171875,0.55,0.7960937499999999
7,4,Hyperscaler,hyperscaler,forecast=210;price=4.60;quantity=120,llm-context,"forecast 205.0 + 5.0; price 4.60 + 0.00; quantity target 120.0; risk gate growth_tolerant added capacity after shortage; inventory target capped quantity; final forecast=210, price=4.60, quantity=120","{""source"":""llm-context"",""summary"":""forecast 205.0 + 5.0; price 4.60 + 0.00; quantity target 120.0; risk gate growth_tolerant added capacity after shortage; inventory target capped quantity; final forecast=210, price=4.60, quantity=120"",""forecast_base"":205.0,""forecast_adjustment"":5.0,""price_base"":4.6,""price_adjustment"":0.0,""quantity_target"":120.0,""risk_gate_adjustment"":""growth_tolerant added capacity after shortage; inventory target capped quantity"",""final_forecast"":210,""final_price"":4.6,""final_quantity"":120,""fallback_used"":false,""llm_status"":""ok"",""llm_error"":"""",""llm_prompt_excerpt"":""{\""agent_name\"":\""Hyperscaler\"",\""agent_role\"":\""hyperscaler\"",\""agent_persona\"":\""Scale-dominant operator that values throughput, market share, and capacity continuity.\"",\""stage_styles\"":{\""forecaster\"":\""momentum_chaser\"",\""pricer\"":\""share_grabber\"",\""allocator\"":\""capacity_expander\"",\""risk_gate\"":\""growth_tolerant\""},\""round_index\"":4,\""observed_demand\"":194,\""observed_demand_history\"":[184,195,197,204],\""price_history\"":[[4.6,6.0,4.8],[4.6,6.2,5.2],[4.6,6.4,5.4],[4.6,6.6,5.6]],\""reputation_history\"":[[0.7200000000000001,0.87728""}",,,,210,17.0,289.0,193,194,182.4,1.267042531464278,0.0,9.22472258889395,5.533333333333334,185.42447590420778,0.0,0.66796875,0.8892578125,0.3111328125,0.65,4.6,120,120.0,-2.3684374999999998,0.6217616580310881,120.0,0.0,0.0,0.0,0.0,0.0,0.0,0,0,0.0,0.0,"{""training_burst"":86.85000000000001,""enterprise_sla"":67.55,""spot_workload"":38.6}","{""training_burst"":50.97788126418142,""enterprise_sla"":23.73292167014606,""spot_workload"":20.546725228825938}",24.74247183684659,0.0,120.0,0.0,2.7270010285452132e-15,23.924815640468985,2.7270010285452132e-15,0.0,0.0,0.0,0.0,0.0,552.0,468.0,0.0,0.0,0.0,0.0,0.0,84.0,543.1156249999999,1.0,0.0,1,0,0.916943359375,0.23334960937500002,0.65,0.6584765625000001
7,4,PremiumCloud,premium,forecast=205;price=6.60;quantity=40,llm-context,"forecast 202.0 + 3.0; price 7.00 + -0.40; quantity target 60.0; risk gate sla_guard reduced quantity under SLA/reputation pressure; inventory target capped quantity; final forecast=205, price=6.60, quantity=40","{""source"":""llm-context"",""summary"":""forecast 202.0 + 3.0; price 7.00 + -0.40; quantity target 60.0; risk gate sla_guard reduced quantity under SLA/reputation pressure; inventory target capped quantity; final forecast=205, price=6.60, quantity=40"",""forecast_base"":202.0,""forecast_adjustment"":3.0,""price_base"":7.0,""price_adjustment"":-0.40000000000000036,""quantity_target"":60.0,""risk_gate_adjustment"":""sla_guard reduced quantity under SLA/reputation pressure; inventory target capped quantity"",""final_forecast"":205,""final_price"":6.6,""final_quantity"":40,""fallback_used"":false,""llm_status"":""ok"",""llm_error"":"""",""llm_prompt_excerpt"":""{\""agent_name\"":\""PremiumCloud\"",\""agent_role\"":\""premium\"",\""agent_persona\"":\""SLA-first premium operator that protects brand, uptime, and disciplined monetization.\"",\""stage_styles\"":{\""forecaster\"":\""signal_smoother\"",\""pricer\"":\""premium_keeper\"",\""allocator\"":\""buffered_allocator\"",\""risk_gate\"":\""sla_guard\""},\""round_index\"":4,\""observed_demand\"":194,\""observed_demand_history\"":[184,195,197,204],\""price_history\"":[[4.6,6.0,4.8],[4.6,6.2,5.2],[4.6,6.4,5.4],[4.6,6.6,5.6]],\""reputation_history\"":[[0.7200000000000001,0.8772826086956""}",,,,205,12.0,144.0,193,194,182.4,1.267042531464278,0.0,9.22472258889395,5.533333333333334,185.42447590420778,0.0,0.8453010047323576,0.7790785719647152,0.9525390625,0.85,6.6,40,40.0,-3.30563879432117,0.2092128475172398,40.37807957082728,0.37807957082728194,0.0,0.0,0.0,0.0,0.0,0,0,0.0,0.0,"{""training_burst"":86.85000000000001,""enterprise_sla"":67.55,""spot_workload"":38.6}","{""training_burst"":11.997459362075912,""enterprise_sla"":25.862596879601718,""spot_workload"":2.5180233291496563}",0.0,0.0,35.42447590420777,4.9536036666195145,4.5755240957922325,20.722594762366363,4.5755240957922325,2.5422586335902153,0.0,0.0,0.0,0.0,264.0,144.0,0.0,0.0,7.430405499929272,0.0,0.0,112.56959450007074,717.6548200542977,0.8773194832624374,0.0,0,1,0.6786387997891457,0.964404296875,0.85,0.7986406889570729
7,4,SpotBroker,spot,forecast=196;price=5.40;quantity=30,llm-context,"forecast 207.0 + -11.0; price 5.40 + 0.00; quantity target 30.0; risk gate none; final forecast=196, price=5.40, quantity=30","{""source"":""llm-context"",""summary"":""forecast 207.0 + -11.0; price 5.40 + 0.00; quantity target 30.0; risk gate none; final forecast=196, price=5.40, quantity=30"",""forecast_base"":207.0,""forecast_adjustment"":-11.0,""price_base"":5.4,""price_adjustment"":0.0,""quantity_target"":30.0,""risk_gate_adjustment"":""none"",""final_forecast"":196,""final_price"":5.4,""final_quantity"":30,""fallback_used"":false,""llm_status"":""ok"",""llm_error"":"""",""llm_prompt_excerpt"":""{\""agent_name\"":\""SpotBroker\"",\""agent_role\"":\""spot\"",\""agent_persona\"":\""Fast-moving spot broker that hunts volatility and preserves light, flexible inventory.\"",\""stage_styles\"":{\""forecaster\"":\""volatility_reader\"",\""pricer\"":\""spread_hunter\"",\""allocator\"":\""inventory_light\"",\""risk_gate\"":\""inventory_guard\""},\""round_index\"":4,\""observed_demand\"":194,\""observed_demand_history\"":[184,195,197,204],\""price_history\"":[[4.6,6.0,4.8],[4.6,6.2,5.2],[4.6,6.4,5.4],[4.6,6.6,5.6]],\""reputation_history\"":[[0.7200000000000001,0.8772826086956""}",,,,196,3.0,9.0,193,194,182.4,1.267042531464278,0.0,9.22472258889395,5.533333333333334,185.42447590420778,0.0,0.7960937499999999,0.8576171875,0.8576171875,0.55,5.4,30,30.0,-2.7246875,0.1690254944516721,32.62192042917271,2.621920429172711,0.0,0.0,0.0,0.0,0.0,0,0,0.0,0.0,"{""training_burst"":86.85000000000001,""enterprise_sla"":67.55,""spot_workload"":38.6}","{""training_burst"":23.874659373742674,""enterprise_sla"":17.954481450252224,""spot_workload"":15.535251442024405}",0.0,24.74247183684659,30.0,2.621920429172711,0.0,16.630089597164655,0.0,1.3366095888942844,0.0,0.0,0.0,0.0,162.0,111.6,0.0,0.0,3.4084965579245243,0.0,0.0059999999999999784,46.98550344207548,292.5585034420755,0.9196270362174014,0.0,0,0,0.8731196496793504,0.8932128906250001,0.55,0.8145236920271752
7,5,Hyperscaler,hyperscaler,forecast=200;price=4.60;quantity=120,llm-context,"forecast 198.0 + 2.0; price 4.60 + 0.00; quantity target 120.0; risk gate none; final forecast=200, price=4.60, quantity=120","{""source"":""llm-context"",""summary"":""forecast 198.0 + 2.0; price 4.60 + 0.00; quantity target 120.0; risk gate none; final forecast=200, price=4.60, quantity=120"",""forecast_base"":198.0,""forecast_adjustment"":2.0,""price_base"":4.6,""price_adjustment"":0.0,""quantity_target"":120.0,""risk_gate_adjustment"":""none"",""final_forecast"":200,""final_price"":4.6,""final_quantity"":120,""fallback_used"":false,""llm_status"":""ok"",""llm_error"":"""",""llm_prompt_excerpt"":""{\""agent_name\"":\""Hyperscaler\"",\""agent_role\"":\""hyperscaler\"",\""agent_persona\"":\""Scale-dominant operator that values throughput, market share, and capacity continuity.\"",\""stage_styles\"":{\""forecaster\"":\""momentum_chaser\"",\""pricer\"":\""share_grabber\"",\""allocator\"":\""capacity_expander\"",\""risk_gate\"":\""growth_tolerant\""},\""round_index\"":5,\""observed_demand\"":183,\""observed_demand_history\"":[184,195,197,204,194],\""price_history\"":[[4.6,6.0,4.8],[4.6,6.2,5.2],[4.6,6.4,5.4],[4.6,6.6,5.6],[4.6,6.6,5.4]],\""reputation_history\"":[[0.720000""}",,,,200,18.0,324.0,182,183,183.0,-7.797644698516018,0.0,6.914512607298582,5.599999999999999,176.48853839231379,0.0,0.6584765625000001,0.916943359375,0.23334960937500002,0.65,4.6,120,120.0,-2.3798281249999995,0.6098508884236561,110.99286169310541,0.0,9.00713830689459,0.0,0.0,0.0,0.0,0,0,0.0,0.0,"{""training_burst"":81.9,""enterprise_sla"":63.699999999999996,""spot_workload"":36.4}","{""training_burst"":50.279842788128995,""enterprise_sla"":24.29845306057179,""spot_workload"":21.095928625837256}",15.318637218567362,0.0,110.99286169310541,0.0,0.0,24.30662050553361,0.0,0.0,0.0,0.0,7.656067560860401,1.3510707460341884,510.56716378828486,468.0,0.7656067560860401,0.3377676865085471,0.0,0.0,0.0,41.463789345690266,584.5794143456902,1.0,0.0,1,0,0.9377075195312501,0.17501220703125,0.65,0.651357421875
7,5,PremiumCloud,premium,forecast=190;price=6.60;quantity=40,llm-context,"forecast 197.0 + -7.0; price 7.00 + -0.40; quantity target 50.0; risk gate sla_guard reduced quantity under SLA/reputation pressure; inventory target capped quantity; final forecast=190, price=6.60, quantity=40","{""source"":""llm-context"",""summary"":""forecast 197.0 + -7.0; price 7.00 + -0.40; quantity target 50.0; risk gate sla_guard reduced quantity under SLA/reputation pressure; inventory target capped quantity; final forecast=190, price=6.60, quantity=40"",""forecast_base"":197.0,""forecast_adjustment"":-7.0,""price_base"":7.0,""price_adjustment"":-0.40000000000000036,""quantity_target"":50.0,""risk_gate_adjustment"":""sla_guard reduced quantity under SLA/reputation pressure; inventory target capped quantity"",""final_forecast"":190,""final_price"":6.6,""final_quantity"":40,""fallback_used"":false,""llm_status"":""ok"",""llm_error"":"""",""llm_prompt_excerpt"":""{\""agent_name\"":\""PremiumCloud\"",\""agent_role\"":\""premium\"",\""agent_persona\"":\""SLA-first premium operator that protects brand, uptime, and disciplined monetization.\"",\""stage_styles\"":{\""forecaster\"":\""signal_smoother\"",\""pricer\"":\""premium_keeper\"",\""allocator\"":\""buffered_allocator\"",\""risk_gate\"":\""sla_guard\""},\""round_index\"":5,\""observed_demand\"":183,\""observed_demand_history\"":[184,195,197,204,194],\""price_history\"":[[4.6,6.0,4.8],[4.6,6.2,5.2],[4.6,6.4,5.4],[4.6,6.6,5.6],[4.6,6.6,5.4]],\""reputation_history\"":[[0.72000000000000""}",,,,190,8.0,64.0,182,183,183.0,-7.797644698516018,0.0,6.914512607298582,5.599999999999999,176.48853839231379,0.0,0.7986406889570729,0.6786387997891457,0.964404296875,0.85,6.6,40,40.0,-3.361631173251512,0.2023751993851794,36.83228628810265,0.0,3.167713711897349,0.0,0.0,0.0,0.0,0,0,0.0,0.0,"{""training_burst"":81.9,""enterprise_sla"":63.699999999999996,""spot_workload"":36.4}","{""training_burst"":10.982784070783215,""enterprise_sla"":21.791405655549898,""spot_workload"":2.494050856800048}",1.564045704969486,0.0,36.83228628810265,0.0,2.5422586335902153,17.566535191580748,2.5422586335902153,0.0,0.0,0.0,0.5629095704764204,0.06254550783071337,259.8719964831729,144.0,0.045032765638113634,0.012509101566142676,0.0,0.0,0.0,115.81445461596864,833.4692746702664,1.0,0.0,0,0,0.7589790998418593,0.9733032226562499,0.85,0.8414805167178047
7,5,SpotBroker,spot,forecast=180;price=5.60;quantity=30,llm-context,"forecast 200.0 + -20.0; price 5.40 + 0.20; quantity target 30.0; risk gate none; final forecast=180, price=5.60, quantity=30","{""source"":""llm-context"",""summary"":""forecast 200.0 + -20.0; price 5.40 + 0.20; quantity target 30.0; risk gate none; final forecast=180, price=5.60, quantity=30"",""forecast_base"":200.0,""forecast_adjustment"":-20.0,""price_base"":5.4,""price_adjustment"":0.1999999999999993,""quantity_target"":30.0,""risk_gate_adjustment"":""none"",""final_forecast"":180,""final_price"":5.6,""final_quantity"":30,""fallback_used"":false,""llm_status"":""ok"",""llm_error"":"""",""llm_prompt_excerpt"":""{\""agent_name\"":\""SpotBroker\"",\""agent_role\"":\""spot\"",\""agent_persona\"":\""Fast-moving spot broker that hunts volatility and preserves light, flexible inventory.\"",\""stage_styles\"":{\""forecaster\"":\""volatility_reader\"",\""pricer\"":\""spread_hunter\"",\""allocator\"":\""inventory_light\"",\""risk_gate\"":\""inventory_guard\""},\""round_index\"":5,\""observed_demand\"":183,\""observed_demand_history\"":[184,195,197,204,194],\""price_history\"":[[4.6,6.0,4.8],[4.6,6.2,5.2],[4.6,6.4,5.4],[4.6,6.6,5.6],[4.6,6.6,5.4]],\""reputation_history\"":[[0.72000000000000""}",,,,180,2.0,4.0,182,183,183.0,-7.797644698516018,0.0,6.914512607298582,5.599999999999999,176.48853839231379,0.0,0.8145236920271752,0.8731196496793504,0.8932128906250001,0.55,5.6,30,30.0,-2.842571569567389,0.18777391219116457,34.17485201879195,4.1748520187919524,0.0,0.0,0.0,0.0,0.0,0,0,0.0,0.0,"{""training_burst"":81.9,""enterprise_sla"":63.699999999999996,""spot_workload"":36.4}","{""training_burst"":20.637373141087803,""enterprise_sla"":17.610141283878303,""spot_workload"":12.810020517362693}",0.0,16.882682923536848,28.663390411105716,5.511461607686236,1.3366095888942844,15.91184430288564,1.3366095888942844,2.5661418792570734,0.0,0.0,0.0,0.0,168.0,111.6,0.0,0.0,7.164900089992107,0.0,0.0059999999999999784,49.229099910007896,341.7876033520834,0.8387275647995311,0.0,0,1,0.7395216284593956,0.9199096679687501,0.55,0.7557337146203228
7,6,Hyperscaler,hyperscaler,forecast=170;price=4.60;quantity=100,llm-context,"forecast 187.0 + -17.0; price 4.60 + 0.00; quantity target 110.0; risk gate inventory target capped quantity; final forecast=170, price=4.60, quantity=100","{""source"":""llm-context"",""summary"":""forecast 187.0 + -17.0; price 4.60 + 0.00; quantity target 110.0; risk gate inventory target capped quantity; final forecast=170, price=4.60, quantity=100"",""forecast_base"":187.0,""forecast_adjustment"":-17.0,""price_base"":4.6,""price_adjustment"":0.0,""quantity_target"":110.0,""risk_gate_adjustment"":""inventory target capped quantity"",""final_forecast"":170,""final_price"":4.6,""final_quantity"":100,""fallback_used"":false,""llm_status"":""ok"",""llm_error"":"""",""llm_prompt_excerpt"":""{\""agent_name\"":\""Hyperscaler\"",\""agent_role\"":\""hyperscaler\"",\""agent_persona\"":\""Scale-dominant operator that values throughput, market share, and capacity continuity.\"",\""stage_styles\"":{\""forecaster\"":\""momentum_chaser\"",\""pricer\"":\""share_grabber\"",\""allocator\"":\""capacity_expander\"",\""risk_gate\"":\""growth_tolerant\""},\""round_index\"":6,\""observed_demand\"":175,\""observed_demand_history\"":[195,197,204,194,183],\""price_history\"":[[4.6,6.2,5.2],[4.6,6.4,5.4],[4.6,6.6,5.6],[4.6,6.6,5.4],[4.6,6.6,5.6]],\""reputation_history\"":[[0.697500""}",,,,170,1.0,1.0,171,175,183.6,-4.073969091654618,0.0,-8.55090700389924,5.666666666666667,166.7564958255197,7.656067560860407,0.651357421875,0.9377075195312501,0.17501220703125,0.65,4.6,100,107.65606756086041,-2.3883710937499996,0.5873505945205034,100.43695166300608,0.0,7.219115897854323,0.0,0.0,0.0,0.0,0,0,0.0,0.0,"{""training_burst"":76.95,""enterprise_sla"":59.849999999999994,""spot_workload"":34.2}","{""training_burst"":49.54049298497754,""enterprise_sla"":23.392053074538552,""spot_workload"":21.610250743160645}",5.894154860329348,0.0,100.43695166300608,0.0,0.0,23.5786016415597,0.0,0.0,0.0,0.0,6.136248513176175,1.0828673846781485,462.00997764982793,375.0,0.6136248513176175,0.2707168461695371,0.0,0.0,0.0,86.12563595234077,670.705050298031,1.0,0.0,0,0,0.9532806396484376,0.3812591552734375,0.65,0.72101806640625
7,6,PremiumCloud,premium,forecast=180;price=6.60;quantity=40,llm-context,"forecast 188.0 + -8.0; price 7.00 + -0.40; quantity target 40.0; risk gate sla_guard reduced quantity under SLA/reputation pressure; inventory target capped quantity; final forecast=180, price=6.60, quantity=40","{""source"":""llm-context"",""summary"":""forecast 188.0 + -8.0; price 7.00 + -0.40; quantity target 40.0; risk gate sla_guard reduced quantity under SLA/reputation pressure; inventory target capped quantity; final forecast=180, price=6.60, quantity=40"",""forecast_base"":188.0,""forecast_adjustment"":-8.0,""price_base"":7.0,""price_adjustment"":-0.40000000000000036,""quantity_target"":40.0,""risk_gate_adjustment"":""sla_guard reduced quantity under SLA/reputation pressure; inventory target capped quantity"",""final_forecast"":180,""final_price"":6.6,""final_quantity"":40,""fallback_used"":false,""llm_status"":""ok"",""llm_error"":"""",""llm_prompt_excerpt"":""{\""agent_name\"":\""PremiumCloud\"",\""agent_role\"":\""premium\"",\""agent_persona\"":\""SLA-first premium operator that protects brand, uptime, and disciplined monetization.\"",\""stage_styles\"":{\""forecaster\"":\""signal_smoother\"",\""pricer\"":\""premium_keeper\"",\""allocator\"":\""buffered_allocator\"",\""risk_gate\"":\""sla_guard\""},\""round_index\"":6,\""observed_demand\"":175,\""observed_demand_history\"":[195,197,204,194,183],\""price_history\"":[[4.6,6.2,5.2],[4.6,6.4,5.4],[4.6,6.6,5.6],[4.6,6.6,5.4],[4.6,6.6,5.6]],\""reputation_history\"":[[0.69750000000000""}",,,,180,9.0,81.0,171,175,183.6,-4.073969091654618,0.0,-8.55090700389924,5.666666666666667,166.7564958255197,0.5629095704764211,0.8414805167178047,0.7589790998418593,0.9733032226562499,0.85,6.6,40,40.56290957047642,-3.3102233799386336,0.22740167275889292,38.88568604177069,0.0,1.6772235287057313,0.0,0.0,0.0,0.0,0,0,0.0,0.0,"{""training_burst"":76.95,""enterprise_sla"":59.849999999999994,""spot_workload"":34.2}","{""training_burst"":11.499848993071357,""enterprise_sla"":24.082214448199743,""spot_workload"":2.636398821763458}",0.6672237787361323,0.0,38.88568604177069,0.0,0.0,19.343465676545115,0.0,0.0,0.0,0.0,1.5095011758351582,0.16772235287057313,256.6455278756865,144.0,0.12076009406681266,0.03354447057411463,0.0,0.0,0.0,112.4912233110456,945.960497981312,1.0,0.0,0,0,0.8192343248813945,0.9799774169921874,0.85,0.8736103875383535
7,6,SpotBroker,spot,forecast=170;price=5.80;quantity=30,llm-context,"forecast 188.0 + -18.0; price 5.60 + 0.20; quantity target 30.0; risk gate none; final forecast=170, price=5.80, quantity=30","{""source"":""llm-context"",""summary"":""forecast 188.0 + -18.0; price 5.60 + 0.20; quantity target 30.0; risk gate none; final forecast=170, price=5.80, quantity=30"",""forecast_base"":188.0,""forecast_adjustment"":-18.0,""price_base"":5.6,""price_adjustment"":0.20000000000000018,""quantity_target"":30.0,""risk_gate_adjustment"":""none"",""final_forecast"":170,""final_price"":5.8,""final_quantity"":30,""fallback_used"":false,""llm_status"":""ok"",""llm_error"":"""",""llm_prompt_excerpt"":""{\""agent_name\"":\""SpotBroker\"",\""agent_role\"":\""spot\"",\""agent_persona\"":\""Fast-moving spot broker that hunts volatility and preserves light, flexible inventory.\"",\""stage_styles\"":{\""forecaster\"":\""volatility_reader\"",\""pricer\"":\""spread_hunter\"",\""allocator\"":\""inventory_light\"",\""risk_gate\"":\""inventory_guard\""},\""round_index\"":6,\""observed_demand\"":175,\""observed_demand_history\"":[195,197,204,194,183],\""price_history\"":[[4.6,6.2,5.2],[4.6,6.4,5.4],[4.6,6.6,5.6],[4.6,6.6,5.4],[4.6,6.6,5.6]],\""reputation_history\"":[[0.69750000000000""}",,,,170,1.0,1.0,171,175,183.6,-4.073969091654618,0.0,-8.55090700389924,5.666666666666667,166.7564958255197,0.0,0.7557337146203228,0.7395216284593956,0.9199096679687501,0.55,5.8,30,30.0,-3.0531195424556126,0.18524773272060369,31.67736229522323,1.6773622952232294,0.0,0.0,0.0,0.0,0.0,0,0,0.0,0.0,"{""training_burst"":76.95,""enterprise_sla"":59.849999999999994,""spot_workload"":34.2}","{""training_burst"":15.909658021951099,""enterprise_sla"":12.375732477261709,""spot_workload"":9.953350435075897}",0.0,6.56137863906548,27.433858120742926,4.243504174480304,2.5661418792570734,11.370432681895187,2.5661418792570734,1.5231848567942603,0.0,0.0,0.0,0.0,174.0,111.6,0.0,0.0,5.516555426824395,0.0,0.006000000000000005,56.87744457317561,398.66504792525905,0.8660398509531142,0.0,0,1,0.6461511840828253,0.9399322509765625,0.55,0.7150552673343814
7,7,Hyperscaler,hyperscaler,forecast=200;price=4.60;quantity=120,llm-context,"forecast 177.0 + 23.0; price 4.60 + 0.00; quantity target 120.0; risk gate none; final forecast=200, price=4.60, quantity=120","{""source"":""llm-context"",""summary"":""forecast 177.0 + 23.0; price 4.60 + 0.00; quantity target 120.0; risk gate none; final forecast=200, price=4.60, quantity=120"",""forecast_base"":177.0,""forecast_adjustment"":23.0,""price_base"":4.6,""price_adjustment"":0.0,""quantity_target"":120.0,""risk_gate_adjustment"":""none"",""final_forecast"":200,""final_price"":4.6,""final_quantity"":120,""fallback_used"":false,""llm_status"":""ok"",""llm_error"":"""",""llm_prompt_excerpt"":""{\""agent_name\"":\""Hyperscaler\"",\""agent_role\"":\""hyperscaler\"",\""agent_persona\"":\""Scale-dominant operator that values throughput, market share, and capacity continuity.\"",\""stage_styles\"":{\""forecaster\"":\""momentum_chaser\"",\""pricer\"":\""share_grabber\"",\""allocator\"":\""capacity_expander\"",\""risk_gate\"":\""growth_tolerant\""},\""round_index\"":7,\""observed_demand\"":196,\""observed_demand_history\"":[197,204,194,183,175],\""price_history\"":[[4.6,6.4,5.4],[4.6,6.6,5.6],[4.6,6.6,5.4],[4.6,6.6,5.6],[4.6,6.6,5.8]],\""reputation_history\"":[[0.680625""}",,,,200,6.0,36.0,194,196,184.2,9.809933289465183,0.0,-0.3032142304916152,5.733333333333333,193.13663016885943,6.13624851317617,0.72101806640625,0.9532806396484376,0.3812591552734375,0.65,4.6,120,126.13624851317617,-2.3047783203125,0.6041239896710223,117.20005399617834,0.0,8.93619451699783,0.0,0.0,0.0,0.0,0,0,0.0,0.0,"{""training_burst"":87.3,""enterprise_sla"":67.89999999999999,""spot_workload"":38.800000000000004}","{""training_burst"":59.29072857356169,""enterprise_sla"":28.3273428111853,""spot_workload"":26.514680377702323}",3.0673022337290194,0.0,117.20005399617834,0.0,0.0,28.50031398463026,0.0,0.0,0.0,0.0,7.595765339448155,1.3404291775496744,539.1202483824203,468.0,0.7595765339448155,0.3351072943874186,0.0,0.0,0.0,70.02556455408808,740.7306148521191,1.0,0.0,1,0,0.9649604797363281,0.28594436645507815,0.65,0.6982635498046875
7,7,PremiumCloud,premium,forecast=185;price=6.60;quantity=40,llm-context,"forecast 178.0 + 7.0; price 7.00 + -0.40; quantity target 50.0; risk gate inventory target capped quantity; final forecast=185, price=6.60, quantity=40","{""source"":""llm-context"",""summary"":""forecast 178.0 + 7.0; price 7.00 + -0.40; quantity target 50.0; risk gate inventory target capped quantity; final forecast=185, price=6.60, quantity=40"",""forecast_base"":178.0,""forecast_adjustment"":7.0,""price_base"":7.0,""price_adjustment"":-0.40000000000000036,""quantity_target"":50.0,""risk_gate_adjustment"":""inventory target capped quantity"",""final_forecast"":185,""final_price"":6.6,""final_quantity"":40,""fallback_used"":false,""llm_status"":""ok"",""llm_error"":"""",""llm_prompt_excerpt"":""{\""agent_name\"":\""PremiumCloud\"",\""agent_role\"":\""premium\"",\""agent_persona\"":\""SLA-first premium operator that protects brand, uptime, and disciplined monetization.\"",\""stage_styles\"":{\""forecaster\"":\""signal_smoother\"",\""pricer\"":\""premium_keeper\"",\""allocator\"":\""buffered_allocator\"",\""risk_gate\"":\""sla_guard\""},\""round_index\"":7,\""observed_demand\"":196,\""observed_demand_history\"":[197,204,194,183,175],\""price_history\"":[[4.6,6.4,5.4],[4.6,6.6,5.6],[4.6,6.6,5.4],[4.6,6.6,5.6],[4.6,6.6,5.8]],\""reputation_history\"":[[0.680625,0.91586""}",,,,185,9.0,81.0,194,196,184.2,9.809933289465183,0.0,-0.3032142304916152,5.733333333333333,193.13663016885943,1.5095011758351546,0.8736103875383535,0.8192343248813945,0.9799774169921874,0.85,6.6,40,41.509501175835155,-3.271667534953975,0.21841686086069967,42.372871006975735,0.8633698311405809,0.0,0.0,0.0,0.0,0.0,0,0,0.0,0.0,"{""training_burst"":87.3,""enterprise_sla"":67.89999999999999,""spot_workload"":38.800000000000004}","{""training_burst"":13.566595969660007,""enterprise_sla"":29.009850208375084,""spot_workload"":3.20194408985627}",0.0,3.4055192609156295,41.509501175835155,0.8633698311405809,0.0,23.274144457740128,0.0,0.4742230982439808,0.0,0.0,0.0,0.0,273.962707760512,144.0,0.0,0.0,1.2950547467108713,0.0,0.0,128.66765301380113,1074.6281509951132,0.9796244670086564,0.0,0,0,0.85933186041321,0.9849830627441406,0.85,0.8951608490298472
7,7,SpotBroker,spot,forecast=196;price=6.00;quantity=40,llm-context,"forecast 178.0 + 18.0; price 5.60 + 0.40; quantity target 40.0; risk gate none; final forecast=196, price=6.00, quantity=40","{""source"":""llm-context"",""summary"":""forecast 178.0 + 18.0; price 5.60 + 0.40; quantity target 40.0; risk gate none; final forecast=196, price=6.00, quantity=40"",""forecast_base"":178.0,""forecast_adjustment"":18.0,""price_base"":5.6,""price_adjustment"":0.40000000000000036,""quantity_target"":40.0,""risk_gate_adjustment"":""none"",""final_forecast"":196,""final_price"":6.0,""final_quantity"":40,""fallback_used"":false,""llm_status"":""ok"",""llm_error"":"""",""llm_prompt_excerpt"":""{\""agent_name\"":\""SpotBroker\"",\""agent_role\"":\""spot\"",\""agent_persona\"":\""Fast-moving spot broker that hunts volatility and preserves light, flexible inventory.\"",\""stage_styles\"":{\""forecaster\"":\""volatility_reader\"",\""pricer\"":\""spread_hunter\"",\""allocator\"":\""inventory_light\"",\""risk_gate\"":\""inventory_guard\""},\""round_index\"":7,\""observed_demand\"":196,\""observed_demand_history\"":[197,204,194,183,175],\""price_history\"":[[4.6,6.4,5.4],[4.6,6.6,5.6],[4.6,6.6,5.4],[4.6,6.6,5.6],[4.6,6.6,5.8]],\""reputation_history\"":[[0.680625,0.91586""}",,,,196,2.0,4.0,194,196,184.2,9.809933289465183,0.0,-0.3032142304916152,5.733333333333333,193.13663016885943,0.0,0.7150552673343814,0.6461511840828253,0.9399322509765625,0.55,6.0,40,40.0,-3.2419336791987416,0.17745914946827793,34.42707499684592,0.0,5.572925003154083,0.0,0.0,0.0,0.0,0,0,0.0,0.0,"{""training_burst"":87.3,""enterprise_sla"":67.89999999999999,""spot_workload"":38.800000000000004}","{""training_burst"":14.442675456778298,""enterprise_sla"":10.562806980439602,""spot_workload"":9.083375532441408}",0.3382170271866103,0.0,34.42707499684592,0.0,1.5231848567942603,9.820541557629602,1.5231848567942603,0.0,0.0,0.0,3.563771328796645,0.48596881756317883,215.70155912184106,150.4,0.4276525594555974,0.10691313986389935,0.0,0.0,0.006000000000000005,64.76099342252155,463.4260413477806,1.0,0.0,0,0,0.7346133880621191,0.9549491882324219,0.55,0.763791450500786
7,8,Hyperscaler,hyperscaler,forecast=190;price=4.60;quantity=120,llm-context,"forecast 189.0 + 1.0; price 4.60 + 0.00; quantity target 120.0; risk gate inventory target capped quantity; final forecast=190, price=4.60, quantity=120","{""source"":""llm-context"",""summary"":""forecast 189.0 + 1.0; price 4.60 + 0.00; quantity target 120.0; risk gate inventory target capped quantity; final forecast=190, price=4.60, quantity=120"",""forecast_base"":189.0,""forecast_adjustment"":1.0,""price_base"":4.6,""price_adjustment"":0.0,""quantity_target"":120.0,""risk_gate_adjustment"":""inventory target capped quantity"",""final_forecast"":190,""final_price"":4.6,""final_quantity"":120,""fallback_used"":false,""llm_status"":""ok"",""llm_error"":"""",""llm_prompt_excerpt"":""{\""agent_name\"":\""Hyperscaler\"",\""agent_role\"":\""hyperscaler\"",\""agent_persona\"":\""Scale-dominant operator that values throughput, market share, and capacity continuity.\"",\""stage_styles\"":{\""forecaster\"":\""momentum_chaser\"",\""pricer\"":\""share_grabber\"",\""allocator\"":\""capacity_expander\"",\""risk_gate\"":\""growth_tolerant\""},\""round_index\"":8,\""observed_demand\"":187,\""observed_demand_history\"":[204,194,183,175,196],\""price_history\"":[[4.6,6.6,5.6],[4.6,6.6,5.4],[4.6,6.6,5.6],[4.6,6.6,5.8],[4.6,6.6,6.0]],\""reputation_history\"":[[0.667968""}",,,,190,6.0,36.0,196,187,184.8,23.265094512552736,0.0,-11.975998266660184,5.666666666666667,195.52577690175605,7.59576533944815,0.6982635498046875,0.9649604797363281,0.28594436645507815,0.65,4.6,120,127.59576533944815,-2.3320837402343746,0.6246746360775682,122.43622867120337,0.0,5.159536668244783,0.0,0.0,0.0,0.0,0,0,0.0,0.0,"{""training_burst"":88.2,""enterprise_sla"":68.6,""spot_workload"":39.2}","{""training_burst"":57.00352798119516,""enterprise_sla"":26.289411254732254,""spot_workload"":24.90242520690858}",14.240864228367364,0.0,122.43622867120337,0.0,0.0,26.662532499514136,0.0,0.0,0.0,0.0,4.385606168008065,0.7739305002367175,563.2066518875355,468.0,0.43856061680080655,0.19348262505917938,0.0,0.0,0.0,94.57460864567551,835.3052234977946,1.0,0.0,1,0,0.9737203598022461,0.2144582748413086,0.65,0.6811976623535156
7,8,PremiumCloud,premium,forecast=185;price=6.60;quantity=40,llm-context,"forecast 189.0 + -4.0; price 7.00 + -0.40; quantity target 40.0; risk gate sla_guard reduced quantity under SLA/reputation pressure; final forecast=185, price=6.60, quantity=40","{""source"":""llm-context"",""summary"":""forecast 189.0 + -4.0; price 7.00 + -0.40; quantity target 40.0; risk gate sla_guard reduced quantity under SLA/reputation pressure; final forecast=185, price=6.60, quantity=40"",""forecast_base"":189.0,""forecast_adjustment"":-4.0,""price_base"":7.0,""price_adjustment"":-0.40000000000000036,""quantity_target"":40.0,""risk_gate_adjustment"":""sla_guard reduced quantity under SLA/reputation pressure"",""final_forecast"":185,""final_price"":6.6,""final_quantity"":40,""fallback_used"":false,""llm_status"":""ok"",""llm_error"":"""",""llm_prompt_excerpt"":""{\""agent_name\"":\""PremiumCloud\"",\""agent_role\"":\""premium\"",\""agent_persona\"":\""SLA-first premium operator that protects brand, uptime, and disciplined monetization.\"",\""stage_styles\"":{\""forecaster\"":\""signal_smoother\"",\""pricer\"":\""premium_keeper\"",\""allocator\"":\""buffered_allocator\"",\""risk_gate\"":\""sla_guard\""},\""round_index\"":8,\""observed_demand\"":187,\""observed_demand_history\"":[204,194,183,175,196],\""price_history\"":[[4.6,6.6,5.6],[4.6,6.6,5.4],[4.6,6.6,5.6],[4.6,6.6,5.8],[4.6,6.6,6.0]],\""reputation_history\"":[[0.66796875,0.845""}",,,,185,11.0,121.0,196,187,184.8,23.265094512552736,0.0,-11.975998266660184,5.666666666666667,195.52577690175605,0.0,0.8951608490298472,0.85933186041321,0.9849830627441406,0.85,6.6,40,40.0,-3.2458069811641828,0.20408163265306123,40.0,0.0,0.0,0.0,0.0,0.0,0.0,0,0,0.0,0.0,"{""training_burst"":88.2,""enterprise_sla"":68.6,""spot_workload"":39.2}","{""training_burst"":13.648927989008858,""enterprise_sla"":29.620771255775054,""spot_workload"":3.0809090155127055}",0.0,6.350608260296617,39.52577690175602,0.4742230982439821,0.4742230982439808,23.73451669150781,0.4742230982439808,0.28138640101925855,0.0,0.0,0.0,0.0,264.0,144.0,0.0,0.0,0.7113346473659732,0.0,0.0,119.28866535263403,1193.9168163477473,0.9881444225439004,0.0,0,0,0.8915350009458826,0.9887372970581054,0.85,0.9123886895903729
7,8,SpotBroker,spot,forecast=187;price=5.80;quantity=30,llm-context,"forecast 191.0 + -4.0; price 5.60 + 0.20; quantity target 30.0; risk gate none; final forecast=187, price=5.80, quantity=30","{""source"":""llm-context"",""summary"":""forecast 191.0 + -4.0; price 5.60 + 0.20; quantity target 30.0; risk gate none; final forecast=187, price=5.80, quantity=30"",""forecast_base"":191.0,""forecast_adjustment"":-4.0,""price_base"":5.6,""price_adjustment"":0.20000000000000018,""quantity_target"":30.0,""risk_gate_adjustment"":""none"",""final_forecast"":187,""final_price"":5.8,""final_quantity"":30,""fallback_used"":false,""llm_status"":""ok"",""llm_error"":"""",""llm_prompt_excerpt"":""{\""agent_name\"":\""SpotBroker\"",\""agent_role\"":\""spot\"",\""agent_persona\"":\""Fast-moving spot broker that hunts volatility and preserves light, flexible inventory.\"",\""stage_styles\"":{\""forecaster\"":\""volatility_reader\"",\""pricer\"":\""spread_hunter\"",\""allocator\"":\""inventory_light\"",\""risk_gate\"":\""inventory_guard\""},\""round_index\"":8,\""observed_demand\"":187,\""observed_demand_history\"":[204,194,183,175,196],\""price_history\"":[[4.6,6.6,5.6],[4.6,6.6,5.4],[4.6,6.6,5.6],[4.6,6.6,5.8],[4.6,6.6,6.0]],\""reputation_history\"":[[0.66796875,0.845""}",,,,187,9.0,81.0,196,187,184.8,23.265094512552736,0.0,-11.975998266660184,5.666666666666667,195.52577690175605,3.5637713287966477,0.763791450500786,0.7346133880621191,0.9549491882324219,0.55,5.8,30,33.56377132879665,-3.0434502593990564,0.17124373126937065,33.56377132879665,0.0,0.0,0.0,0.0,0.0,0.0,0,0,0.0,0.0,"{""training_burst"":88.2,""enterprise_sla"":68.6,""spot_workload"":39.2}","{""training_burst"":17.54754402979599,""enterprise_sla"":12.689817489492684,""spot_workload"":11.216665777578717}",0.0,7.890255968070747,33.56377132879665,0.0,0.0,11.83295080897805,0.0,0.0,0.0,0.0,0.0,0.0,194.66987370702054,111.6,0.0,0.0,0.0,0.0,0.006000000000000005,83.06387370702055,546.4899150548011,1.0,0.0,0,0,0.8009600410465894,0.9662118911743165,0.55,0.8003435878755897
7,9,Hyperscaler,hyperscaler,forecast=205;price=4.60;quantity=120,llm-context,"forecast 187.0 + 18.0; price 4.60 + 0.00; quantity target 120.0; risk gate none; final forecast=205, price=4.60, quantity=120","{""source"":""llm-context"",""summary"":""forecast 187.0 + 18.0; price 4.60 + 0.00; quantity target 120.0; risk gate none; final forecast=205, price=4.60, quantity=120"",""forecast_base"":187.0,""forecast_adjustment"":18.0,""price_base"":4.6,""price_adjustment"":0.0,""quantity_target"":120.0,""risk_gate_adjustment"":""none"",""final_forecast"":205,""final_price"":4.6,""final_quantity"":120,""fallback_used"":false,""llm_status"":""ok"",""llm_error"":"""",""llm_prompt_excerpt"":""{\""agent_name\"":\""Hyperscaler\"",\""agent_role\"":\""hyperscaler\"",\""agent_persona\"":\""Scale-dominant operator that values throughput, market share, and capacity continuity.\"",\""stage_styles\"":{\""forecaster\"":\""momentum_chaser\"",\""pricer\"":\""share_grabber\"",\""allocator\"":\""capacity_expander\"",\""risk_gate\"":\""growth_tolerant\""},\""round_index\"":9,\""observed_demand\"":198,\""observed_demand_history\"":[194,183,175,196,187],\""price_history\"":[[4.6,6.6,5.4],[4.6,6.6,5.6],[4.6,6.6,5.8],[4.6,6.6,6.0],[4.6,6.6,5.8]],\""reputation_history\"":[[0.658476""}",,,,205,5.0,25.0,200,198,185.4,25.721284691251743,0.0,-11.616506633645592,5.733333333333333,194.10421976698882,4.385606168008067,0.6811976623535156,0.9737203598022461,0.2144582748413086,0.65,4.6,120,124.38560616800807,-2.352562805175781,0.6219280308400403,124.38560616800807,0.0,0.0,0.0,0.0,0.0,0.0,0,0,0.0,0.0,"{""training_burst"":90.0,""enterprise_sla"":70.0,""spot_workload"":40.0}","{""training_burst"":58.81104592152713,""enterprise_sla"":25.60952675984175,""spot_workload"":26.740043175659103}",13.22499031098009,0.0,124.38560616800807,0.0,0.0,26.42525182081698,0.0,0.0,0.0,0.0,0.0,0.0,572.1737883728371,468.0,0.0,0.0,0.0,0.0,0.0,104.17378837283707,939.4790118706317,1.0,0.0,1,0,0.9802902698516847,0.16084370613098145,0.65,0.6683982467651368
7,9,PremiumCloud,premium,forecast=190;price=6.60;quantity=40,llm-context,"forecast 187.0 + 3.0; price 7.00 + -0.40; quantity target 40.0; risk gate sla_guard reduced quantity under SLA/reputation pressure; final forecast=190, price=6.60, quantity=40","{""source"":""llm-context"",""summary"":""forecast 187.0 + 3.0; price 7.00 + -0.40; quantity target 40.0; risk gate sla_guard reduced quantity under SLA/reputation pressure; final forecast=190, price=6.60, quantity=40"",""forecast_base"":187.0,""forecast_adjustment"":3.0,""price_base"":7.0,""price_adjustment"":-0.40000000000000036,""quantity_target"":40.0,""risk_gate_adjustment"":""sla_guard reduced quantity under SLA/reputation pressure"",""final_forecast"":190,""final_price"":6.6,""final_quantity"":40,""fallback_used"":false,""llm_status"":""ok"",""llm_error"":"""",""llm_prompt_excerpt"":""{\""agent_name\"":\""PremiumCloud\"",\""agent_role\"":\""premium\"",\""agent_persona\"":\""SLA-first premium operator that protects brand, uptime, and disciplined monetization.\"",\""stage_styles\"":{\""forecaster\"":\""signal_smoother\"",\""pricer\"":\""premium_keeper\"",\""allocator\"":\""buffered_allocator\"",\""risk_gate\"":\""sla_guard\""},\""round_index\"":9,\""observed_demand\"":198,\""observed_demand_history\"":[194,183,175,196,187],\""price_history\"":[[4.6,6.6,5.4],[4.6,6.6,5.6],[4.6,6.6,5.8],[4.6,6.6,6.0],[4.6,6.6,5.8]],\""reputation_history\"":[[0.65847656250000""}",,,,190,10.0,100.0,200,198,185.4,25.721284691251743,0.0,-11.616506633645592,5.733333333333333,194.10421976698882,0.0,0.9123886895903729,0.8915350009458826,0.9887372970581054,0.85,6.6,40,40.0,-3.2251335724915515,0.2280719691599596,45.61439383199192,5.614393831991919,0.0,0.0,0.0,0.0,0.0,0,0,0.0,0.0,"{""training_burst"":90.0,""enterprise_sla"":70.0,""spot_workload"":40.0}","{""training_burst"":14.592645067158534,""enterprise_sla"":31.118033799579134,""spot_workload"":3.3715424661813347}",0.0,3.4678275009270862,39.71861359898074,5.89578023301118,0.28138640101925855,24.96636697970927,0.28138640101925855,3.22696851943774,0.0,0.0,0.0,0.0,264.0,144.0,0.0,0.0,8.84367034951677,0.0,0.0,111.15632965048323,1305.0731459982305,0.8707473729733938,0.0,0,1,0.7613380939527603,0.991552972793579,0.85,0.8481349388144539
7,9,SpotBroker,spot,forecast=200;price=6.00;quantity=30,llm-context,"forecast 188.0 + 12.0; price 5.60 + 0.40; quantity target 30.0; risk gate none; final forecast=200, price=6.00, quantity=30","{""source"":""llm-context"",""summary"":""forecast 188.0 + 12.0; price 5.60 + 0.40; quantity target 30.0; risk gate none; final forecast=200, price=6.00, quantity=30"",""forecast_base"":188.0,""forecast_adjustment"":12.0,""price_base"":5.6,""price_adjustment"":0.40000000000000036,""quantity_target"":30.0,""risk_gate_adjustment"":""none"",""final_forecast"":200,""final_price"":6.0,""final_quantity"":30,""fallback_used"":false,""llm_status"":""ok"",""llm_error"":"""",""llm_prompt_excerpt"":""{\""agent_name\"":\""SpotBroker\"",\""agent_role\"":\""spot\"",\""agent_persona\"":\""Fast-moving spot broker that hunts volatility and preserves light, flexible inventory.\"",\""stage_styles\"":{\""forecaster\"":\""volatility_reader\"",\""pricer\"":\""spread_hunter\"",\""allocator\"":\""inventory_light\"",\""risk_gate\"":\""inventory_guard\""},\""round_index\"":9,\""observed_demand\"":198,\""observed_demand_history\"":[194,183,175,196,187],\""price_history\"":[[4.6,6.6,5.4],[4.6,6.6,5.6],[4.6,6.6,5.8],[4.6,6.6,6.0],[4.6,6.6,5.8]],\""reputation_history\"":[[0.65847656250000""}",,,,200,0.0,0.0,200,198,185.4,25.721284691251743,0.0,-11.616506633645592,5.733333333333333,194.10421976698882,0.0,0.8003435878755897,0.8009600410465894,0.9662118911743165,0.55,6.0,30,30.0,-3.1395876945492915,0.15,30.0,0.0,0.0,0.0,0.0,0.0,0.0,0,0,0.0,0.0,"{""training_burst"":90.0,""enterprise_sla"":70.0,""spot_workload"":40.0}","{""training_burst"":16.59630901131433,""enterprise_sla"":13.272439440579117,""spot_workload"":9.888414358159558}",0.0,9.757162810053003,30.0,0.0,0.0,12.108381199473747,0.0,0.0,0.0,0.0,0.0,0.0,180.0,111.6,0.0,0.0,0.0,0.0,0.006000000000000005,68.394,614.8839150548012,1.0,0.0,0,0,0.8507200307849421,0.9746589183807374,0.55,0.8277576909066923
7,10,Hyperscaler,hyperscaler,forecast=205;price=4.60;quantity=120,llm-context,"forecast 197.0 + 8.0; price 4.60 + 0.00; quantity target 120.0; risk gate none; final forecast=205, price=4.60, quantity=120","{""source"":""llm-context"",""summary"":""forecast 197.0 + 8.0; price 4.60 + 0.00; quantity target 120.0; risk gate none; final forecast=205, price=4.60, quantity=120"",""forecast_base"":197.0,""forecast_adjustment"":8.0,""price_base"":4.6,""price_adjustment"":0.0,""quantity_target"":120.0,""risk_gate_adjustment"":""none"",""final_forecast"":205,""final_price"":4.6,""final_quantity"":120,""fallback_used"":false,""llm_status"":""ok"",""llm_error"":"""",""llm_prompt_excerpt"":""{\""agent_name\"":\""Hyperscaler\"",\""agent_role\"":\""hyperscaler\"",\""agent_persona\"":\""Scale-dominant operator that values throughput, market share, and capacity continuity.\"",\""stage_styles\"":{\""forecaster\"":\""momentum_chaser\"",\""pricer\"":\""share_grabber\"",\""allocator\"":\""capacity_expander\"",\""risk_gate\"":\""growth_tolerant\""},\""round_index\"":10,\""observed_demand\"":198,\""observed_demand_history\"":[183,175,196,187,198],\""price_history\"":[[4.6,6.6,5.6],[4.6,6.6,5.8],[4.6,6.6,6.0],[4.6,6.6,5.8],[4.6,6.6,6.0]],\""reputation_history\"":[[0.65135""}",,,,205,7.0,49.0,198,198,186.0,14.605762958259467,0.0,-3.0893060423134315,5.8,195.004243078648,0.0,0.6683982467651368,0.9802902698516847,0.16084370613098145,0.65,4.6,120,120.0,-2.3679221038818357,0.6060606060606061,120.0,0.0,0.0,0.0,0.0,0.0,0.0,0,0,0.0,0.0,"{""training_burst"":89.10000000000001,""enterprise_sla"":69.3,""spot_workload"":39.6}","{""training_burst"":60.1359825767469,""enterprise_sla"":27.638357772782086,""spot_workload"":27.851526752637383}",4.374132897833633,0.0,120.0,0.0,0.0,28.134942924893124,0.0,0.0,0.0,0.0,0.0,0.0,552.0,468.0,0.0,0.0,0.0,0.0,0.0,84.0,1023.4790118706317,1.0,0.0,1,0,0.9852177023887635,0.1206327795982361,0.65,0.6587986850738525
7,10,PremiumCloud,premium,forecast=190;price=6.60;quantity=50,llm-context,"forecast 195.0 + -5.0; price 7.00 + -0.40; quantity target 50.0; risk gate sla_guard reduced quantity under SLA/reputation pressure; inventory target capped quantity; final forecast=190, price=6.60, quantity=50","{""source"":""llm-context"",""summary"":""forecast 195.0 + -5.0; price 7.00 + -0.40; quantity target 50.0; risk gate sla_guard reduced quantity under SLA/reputation pressure; inventory target capped quantity; final forecast=190, price=6.60, quantity=50"",""forecast_base"":195.0,""forecast_adjustment"":-5.0,""price_base"":7.0,""price_adjustment"":-0.40000000000000036,""quantity_target"":50.0,""risk_gate_adjustment"":""sla_guard reduced quantity under SLA/reputation pressure; inventory target capped quantity"",""final_forecast"":190,""final_price"":6.6,""final_quantity"":50,""fallback_used"":false,""llm_status"":""ok"",""llm_error"":"""",""llm_prompt_excerpt"":""{\""agent_name\"":\""PremiumCloud\"",\""agent_role\"":\""premium\"",\""agent_persona\"":\""SLA-first premium operator that protects brand, uptime, and disciplined monetization.\"",\""stage_styles\"":{\""forecaster\"":\""signal_smoother\"",\""pricer\"":\""premium_keeper\"",\""allocator\"":\""buffered_allocator\"",\""risk_gate\"":\""sla_guard\""},\""round_index\"":10,\""observed_demand\"":198,\""observed_demand_history\"":[183,175,196,187,198],\""price_history\"":[[4.6,6.6,5.6],[4.6,6.6,5.8],[4.6,6.6,6.0],[4.6,6.6,5.8],[4.6,6.6,6.0]],\""reputation_history\"":[[0.651357421875,""}",,,,190,8.0,64.0,198,198,186.0,14.605762958259467,0.0,-3.0893060423134315,5.8,195.004243078648,0.0,0.8481349388144539,0.7613380939527603,0.991552972793579,0.85,6.6,50,50.0,-3.3022380734226546,0.22729415696286862,45.00424307864799,0.0,4.995756921352012,0.0,0.0,0.0,0.0,0,0,0.0,0.0,"{""training_burst"":89.10000000000001,""enterprise_sla"":69.3,""spot_workload"":39.6}","{""training_burst"":13.650340497875147,""enterprise_sla"":26.815374334770553,""spot_workload"":3.361631664272872}",1.1768965817294172,0.0,45.00424307864799,0.0,3.22696851943774,21.644646384079074,3.22696851943774,0.0,0.0,0.0,1.5919095617228443,0.17687884019142716,318.3259965473658,182.5,0.12735276493782755,0.03537576803828543,0.0,0.0,0.0,135.66326801438967,1440.7364140126201,1.0,0.0,0,0,0.8210035704645702,0.9936647295951843,0.85,0.8786012041108404
7,10,SpotBroker,spot,forecast=200;price=6.20;quantity=30,llm-context,"forecast 199.0 + 1.0; price 5.60 + 0.60; quantity target 30.0; risk gate none; final forecast=200, price=6.20, quantity=30","{""source"":""llm-context"",""summary"":""forecast 199.0 + 1.0; price 5.60 + 0.60; quantity target 30.0; risk gate none; final forecast=200, price=6.20, quantity=30"",""forecast_base"":199.0,""forecast_adjustment"":1.0,""price_base"":5.6,""price_adjustment"":0.6000000000000005,""quantity_target"":30.0,""risk_gate_adjustment"":""none"",""final_forecast"":200,""final_price"":6.2,""final_quantity"":30,""fallback_used"":false,""llm_status"":""ok"",""llm_error"":"""",""llm_prompt_excerpt"":""{\""agent_name\"":\""SpotBroker\"",\""agent_role\"":\""spot\"",\""agent_persona\"":\""Fast-moving spot broker that hunts volatility and preserves light, flexible inventory.\"",\""stage_styles\"":{\""forecaster\"":\""volatility_reader\"",\""pricer\"":\""spread_hunter\"",\""allocator\"":\""inventory_light\"",\""risk_gate\"":\""inventory_guard\""},\""round_index\"":10,\""observed_demand\"":198,\""observed_demand_history\"":[183,175,196,187,198],\""price_history\"":[[4.6,6.6,5.6],[4.6,6.6,5.8],[4.6,6.6,6.0],[4.6,6.6,5.8],[4.6,6.6,6.0]],\""reputation_history\"":[[0.651357421875,""}",,,,200,2.0,4.0,198,198,186.0,14.605762958259467,0.0,-3.0893060423134315,5.8,195.004243078648,0.0,0.8277576909066923,0.8507200307849421,0.9746589183807374,0.55,6.2,30,30.0,-3.246690770911969,0.16664523697652542,32.99575692135203,2.995756921352033,0.0,0.0,0.0,0.0,0.0,0,0,0.0,0.0,"{""training_burst"":89.10000000000001,""enterprise_sla"":69.3,""spot_workload"":39.6}","{""training_burst"":15.313676925377969,""enterprise_sla"":14.846267892447365,""spot_workload"":8.386841583089748}",0.0,5.55102947956305,30.0,2.995756921352033,0.0,13.085410691027809,0.0,1.188053049966952,0.0,0.0,0.0,0.0,186.0,111.6,0.0,0.0,3.894483997757643,0.0,0.006000000000000005,70.49951600224236,685.3834310570435,0.9092078133411925,0.0,0,0,0.8653419764240047,0.980994188785553,0.55,0.8369692448476682
7,11,Hyperscaler,hyperscaler,forecast=190;price=4.60;quantity=120,llm-context,"forecast 200.0 + -10.0; price 4.60 + 0.00; quantity target 120.0; risk gate none; final forecast=190, price=4.60, quantity=120","{""source"":""llm-context"",""summary"":""forecast 200.0 + -10.0; price 4.60 + 0.00; quantity target 120.0; risk gate none; final forecast=190, price=4.60, quantity=120"",""forecast_base"":200.0,""forecast_adjustment"":-10.0,""price_base"":4.6,""price_adjustment"":0.0,""quantity_target"":120.0,""risk_gate_adjustment"":""none"",""final_forecast"":190,""final_price"":4.6,""final_quantity"":120,""fallback_used"":false,""llm_status"":""ok"",""llm_error"":"""",""llm_prompt_excerpt"":""{\""agent_name\"":\""Hyperscaler\"",\""agent_role\"":\""hyperscaler\"",\""agent_persona\"":\""Scale-dominant operator that values throughput, market share, and capacity continuity.\"",\""stage_styles\"":{\""forecaster\"":\""momentum_chaser\"",\""pricer\"":\""share_grabber\"",\""allocator\"":\""capacity_expander\"",\""risk_gate\"":\""growth_tolerant\""},\""round_index\"":11,\""observed_demand\"":183,\""observed_demand_history\"":[175,196,187,198,198],\""price_history\"":[[4.6,6.6,5.8],[4.6,6.6,6.0],[4.6,6.6,5.8],[4.6,6.6,6.0],[4.6,6.6,6.2]],\""reputation_history\"":[[0.72101""}",,,,190,4.0,16.0,186,183,186.6,-2.6877897700276288,0.0,2.25663656990527,5.733333333333333,182.6817623088246,0.0,0.6587986850738525,0.9852177023887635,0.1206327795982361,0.65,4.6,120,120.0,-2.3794415779113764,0.5942207848740565,110.52506598657452,0.0,9.474934013425482,0.0,0.0,0.0,0.0,0,0,0.0,0.0,"{""training_burst"":83.7,""enterprise_sla"":65.1,""spot_workload"":37.2}","{""training_burst"":54.340507984599164,""enterprise_sla"":24.196593469183373,""spot_workload"":24.68998726555219}",7.297977267239784,0.0,110.52506598657452,0.0,0.0,24.81599526362506,0.0,0.0,0.0,0.0,8.05369391141166,1.4212401020138223,508.41530353824277,468.0,0.805369391141166,0.3553100255034556,0.0,0.0,0.0,39.25462412159815,1062.73363599223,1.0,0.0,1,0,0.9889132767915726,0.09047458469867707,0.65,0.6515990138053894
7,11,PremiumCloud,premium,forecast=185;price=6.60;quantity=50,llm-context,"forecast 197.0 + -12.0; price 7.00 + -0.40; quantity target 50.0; risk gate inventory target capped quantity; final forecast=185, price=6.60, quantity=50","{""source"":""llm-context"",""summary"":""forecast 197.0 + -12.0; price 7.00 + -0.40; quantity target 50.0; risk gate inventory target capped quantity; final forecast=185, price=6.60, quantity=50"",""forecast_base"":197.0,""forecast_adjustment"":-12.0,""price_base"":7.0,""price_adjustment"":-0.40000000000000036,""quantity_target"":50.0,""risk_gate_adjustment"":""inventory target capped quantity"",""final_forecast"":185,""final_price"":6.6,""final_quantity"":50,""fallback_used"":false,""llm_status"":""ok"",""llm_error"":"""",""llm_prompt_excerpt"":""{\""agent_name\"":\""PremiumCloud\"",\""agent_role\"":\""premium\"",\""agent_persona\"":\""SLA-first premium operator that protects brand, uptime, and disciplined monetization.\"",\""stage_styles\"":{\""forecaster\"":\""signal_smoother\"",\""pricer\"":\""premium_keeper\"",\""allocator\"":\""buffered_allocator\"",\""risk_gate\"":\""sla_guard\""},\""round_index\"":11,\""observed_demand\"":183,\""observed_demand_history\"":[175,196,187,198,198],\""price_history\"":[[4.6,6.6,5.8],[4.6,6.6,6.0],[4.6,6.6,5.8],[4.6,6.6,6.0],[4.6,6.6,6.2]],\""reputation_history\"":[[0.7210180664062""}",,,,185,1.0,1.0,186,183,186.6,-2.6877897700276288,0.0,2.25663656990527,5.733333333333333,182.6817623088246,1.5919095617228436,0.8786012041108404,0.8210035704645702,0.9936647295951843,0.85,6.6,50,51.591909561722844,-3.265678555066991,0.2330362869474035,43.34474937221705,0.0,8.247160189505792,0.0,0.0,0.0,0.0,0,0,0.0,0.0,"{""training_burst"":83.7,""enterprise_sla"":65.1,""spot_workload"":37.2}","{""training_burst"":12.982950819129679,""enterprise_sla"":26.424456529185896,""spot_workload"":3.0592714560572833}",0.8780705678441875,0.0,43.34474937221705,0.0,0.0,21.269601051605253,0.0,0.0,0.0,0.0,7.422444170555212,0.8247160189505792,286.0753458566325,182.5,0.593795533644417,0.16494320379011584,0.0,0.0,0.0,102.81660711919798,1543.553021131818,1.0,0.0,0,0,0.8657526778484277,0.9952485471963882,0.85,0.9014509030831304
7,11,SpotBroker,spot,forecast=185;price=6.00;quantity=30,llm-context,"forecast 202.0 + -17.0; price 5.80 + 0.20; quantity target 30.0; risk gate none; final forecast=185, price=6.00, quantity=30","{""source"":""llm-context"",""summary"":""forecast 202.0 + -17.0; price 5.80 + 0.20; quantity target 30.0; risk gate none; final forecast=185, price=6.00, quantity=30"",""forecast_base"":202.0,""forecast_adjustment"":-17.0,""price_base"":5.8,""price_adjustment"":0.20000000000000018,""quantity_target"":30.0,""risk_gate_adjustment"":""none"",""final_forecast"":185,""final_price"":6.0,""final_quantity"":30,""fallback_used"":false,""llm_status"":""ok"",""llm_error"":"""",""llm_prompt_excerpt"":""{\""agent_name\"":\""SpotBroker\"",\""agent_role\"":\""spot\"",\""agent_persona\"":\""Fast-moving spot broker that hunts volatility and preserves light, flexible inventory.\"",\""stage_styles\"":{\""forecaster\"":\""volatility_reader\"",\""pricer\"":\""spread_hunter\"",\""allocator\"":\""inventory_light\"",\""risk_gate\"":\""inventory_guard\""},\""round_index\"":11,\""observed_demand\"":183,\""observed_demand_history\"":[175,196,187,198,198],\""price_history\"":[[4.6,6.6,5.8],[4.6,6.6,6.0],[4.6,6.6,5.8],[4.6,6.6,6.0],[4.6,6.6,6.2]],\""reputation_history\"":[[0.7210180664062""}",,,,185,1.0,1.0,186,183,186.6,-2.6877897700276288,0.0,2.25663656990527,5.733333333333333,182.6817623088246,0.0,0.8369692448476682,0.8653419764240047,0.980994188785553,0.55,6.0,30,30.0,-3.095636906182797,0.17274292817854003,32.130184641208444,2.1301846412084444,0.0,0.0,0.0,0.0,0.0,0,0,0.0,0.0,"{""training_burst"":83.7,""enterprise_sla"":65.1,""spot_workload"":37.2}","{""training_burst"":16.376541196271162,""enterprise_sla"":14.478950001630723,""spot_workload"":9.450741278390527}",0.0,8.17604783508397,28.811946950033047,3.3182376911753977,1.188053049966952,12.969403684769686,1.188053049966952,1.3394122884583977,0.0,0.0,0.0,0.0,180.0,111.6,0.0,0.0,4.313708998528017,0.0,0.006000000000000005,64.08029100147199,749.4637220585155,0.8967252218364284,0.0,0,1,0.7481877877771106,0.9857456415891648,0.55,0.7798175863653046
